EXPERIMENT_DATE,CPU,CPU COUNT,GPU,GPU RAM,RAM,CUDA,DATASET SOURCE,FEATURE TYPE,N_ESTIMATORS,NUMBER POSITIVE,NUMBER NEGATIVE,TEST POSITIVE,TEST NEGATIVE,TARGET,ROUND,SEED,ACCURACY,ROC,PRC
26/09/2026 09:43:09,AMD Ryzen 5 3600 6-Core Processor,12,Not Available,Not Available,26.8 GB,Not Available,tox21,ecfp,100,10,10,362,6078,SR-HSE,0,12,0.3903726708074534,0.5629323399853471,0.09029075663899933
26/09/2026 09:43:09,AMD Ryzen 5 3600 6-Core Processor,12,Not Available,Not Available,26.8 GB,Not Available,tox21,ecfp,100,10,10,362,6078,SR-HSE,1,13,0.7686335403726708,0.5391321658222118,0.07337437561722598
26/09/2026 09:43:09,AMD Ryzen 5 3600 6-Core Processor,12,Not Available,Not Available,26.8 GB,Not Available,tox21,ecfp,100,10,10,362,6078,SR-HSE,2,14,0.8482919254658385,0.577247849776115,0.08858257725334781
26/09/2026 09:43:09,AMD Ryzen 5 3600 6-Core Processor,12,Not Available,Not Available,26.8 GB,Not Available,tox21,ecfp,100,10,10,362,6078,SR-HSE,3,15,0.7922360248447204,0.5244901001528928,0.06481220097665098
26/09/2026 09:43:09,AMD Ryzen 5 3600 6-Core Processor,12,Not Available,Not Available,26.8 GB,Not Available,tox21,ecfp,100,10,10,362,6078,SR-HSE,4,16,0.45993788819875775,0.5278101985423381,0.09623329436918765
26/09/2026 09:43:09,AMD Ryzen 5 3600 6-Core Processor,12,Not Available,Not Available,26.8 GB,Not Available,tox21,ecfp,100,10,10,362,6078,SR-HSE,5,17,0.8394409937888199,0.5401029707722262,0.062129900229983534
26/09/2026 09:43:09,AMD Ryzen 5 3600 6-Core Processor,12,Not Available,Not Available,26.8 GB,Not Available,tox21,ecfp,100,10,10,362,6078,SR-HSE,6,18,0.3217391304347826,0.5268416660758211,0.06084534548840375
26/09/2026 09:43:09,AMD Ryzen 5 3600 6-Core Processor,12,Not Available,Not Available,26.8 GB,Not Available,tox21,ecfp,100,10,10,362,6078,SR-HSE,7,19,0.37236024844720494,0.5654297993487972,0.07216433971422774
26/09/2026 09:43:09,AMD Ryzen 5 3600 6-Core Processor,12,Not Available,Not Available,26.8 GB,Not Available,tox21,ecfp,100,10,10,362,6078,SR-HSE,8,20,0.3364906832298137,0.5763038601313678,0.07201664918552886
26/09/2026 09:43:09,AMD Ryzen 5 3600 6-Core Processor,12,Not Available,Not Available,26.8 GB,Not Available,tox21,ecfp,100,10,10,362,6078,SR-HSE,9,21,0.725,0.5986878225790325,0.08175260434642669
26/09/2026 09:43:09,AMD Ryzen 5 3600 6-Core Processor,12,Not Available,Not Available,26.8 GB,Not Available,tox21,ecfp,100,10,10,362,6078,SR-HSE,10,22,0.5239130434782608,0.5923225963033056,0.09068247495872658
26/09/2026 09:43:09,AMD Ryzen 5 3600 6-Core Processor,12,Not Available,Not Available,26.8 GB,Not Available,tox21,ecfp,100,10,10,362,6078,SR-HSE,11,23,0.3555900621118012,0.48589151345582926,0.06410993598405562
26/09/2026 09:43:09,AMD Ryzen 5 3600 6-Core Processor,12,Not Available,Not Available,26.8 GB,Not Available,tox21,ecfp,100,10,10,362,6078,SR-HSE,12,24,0.6326086956521739,0.5712739451586102,0.07719577312477434
26/09/2026 09:43:09,AMD Ryzen 5 3600 6-Core Processor,12,Not Available,Not Available,26.8 GB,Not Available,tox21,ecfp,100,10,10,362,6078,SR-HSE,13,25,0.9021739130434783,0.562980743883838,0.07478951462777926
26/09/2026 09:43:09,AMD Ryzen 5 3600 6-Core Processor,12,Not Available,Not Available,26.8 GB,Not Available,tox21,ecfp,100,10,10,362,6078,SR-HSE,14,26,0.5288819875776397,0.5584039621204271,0.08738740547358723
26/09/2026 09:43:09,AMD Ryzen 5 3600 6-Core Processor,12,Not Available,Not Available,26.8 GB,Not Available,tox21,ecfp,100,10,10,362,6078,SR-HSE,15,27,0.7916149068322982,0.49508007322850817,0.06561777249531167
26/09/2026 09:43:09,AMD Ryzen 5 3600 6-Core Processor,12,Not Available,Not Available,26.8 GB,Not Available,tox21,ecfp,100,10,10,362,6078,SR-HSE,16,28,0.29316770186335406,0.5367008357285309,0.08713564076158753
26/09/2026 09:43:09,AMD Ryzen 5 3600 6-Core Processor,12,Not Available,Not Available,26.8 GB,Not Available,tox21,ecfp,100,10,10,362,6078,SR-HSE,17,29,0.6237577639751553,0.5300822275428636,0.06985437257508675
26/09/2026 09:43:09,AMD Ryzen 5 3600 6-Core Processor,12,Not Available,Not Available,26.8 GB,Not Available,tox21,ecfp,100,10,10,362,6078,SR-HSE,18,30,0.5649068322981367,0.5859716866736114,0.10766471090932278
26/09/2026 09:43:09,AMD Ryzen 5 3600 6-Core Processor,12,Not Available,Not Available,26.8 GB,Not Available,tox21,ecfp,100,10,10,362,6078,SR-HSE,19,31,0.8038819875776397,0.5448347359101479,0.07350789408012598
26/09/2026 09:43:15,AMD Ryzen 5 3600 6-Core Processor,12,Not Available,Not Available,26.8 GB,Not Available,tox21,ecfp,100,10,10,908,4876,SR-MMP,0,12,0.5408022130013831,0.6922514256648585,0.3127468823712732
26/09/2026 09:43:15,AMD Ryzen 5 3600 6-Core Processor,12,Not Available,Not Available,26.8 GB,Not Available,tox21,ecfp,100,10,10,908,4876,SR-MMP,1,13,0.6199861687413555,0.6436026451594251,0.2556851581751444
26/09/2026 09:43:15,AMD Ryzen 5 3600 6-Core Processor,12,Not Available,Not Available,26.8 GB,Not Available,tox21,ecfp,100,10,10,908,4876,SR-MMP,2,14,0.7193983402489627,0.6992050427699458,0.3169854643672723
26/09/2026 09:43:15,AMD Ryzen 5 3600 6-Core Processor,12,Not Available,Not Available,26.8 GB,Not Available,tox21,ecfp,100,10,10,908,4876,SR-MMP,3,15,0.6473029045643154,0.742159295009631,0.34226504195918506
26/09/2026 09:43:15,AMD Ryzen 5 3600 6-Core Processor,12,Not Available,Not Available,26.8 GB,Not Available,tox21,ecfp,100,10,10,908,4876,SR-MMP,4,16,0.6230982019363762,0.6011411191378794,0.23212310934037353
26/09/2026 09:43:15,AMD Ryzen 5 3600 6-Core Processor,12,Not Available,Not Available,26.8 GB,Not Available,tox21,ecfp,100,10,10,908,4876,SR-MMP,5,17,0.5190179806362379,0.6656399184353464,0.2902241497571656
26/09/2026 09:43:15,AMD Ryzen 5 3600 6-Core Processor,12,Not Available,Not Available,26.8 GB,Not Available,tox21,ecfp,100,10,10,908,4876,SR-MMP,6,18,0.608402489626556,0.6710418375717802,0.2631859051041689
26/09/2026 09:43:15,AMD Ryzen 5 3600 6-Core Processor,12,Not Available,Not Available,26.8 GB,Not Available,tox21,ecfp,100,10,10,908,4876,SR-MMP,7,19,0.5394190871369294,0.6690420218782639,0.284495041543114
26/09/2026 09:43:15,AMD Ryzen 5 3600 6-Core Processor,12,Not Available,Not Available,26.8 GB,Not Available,tox21,ecfp,100,10,10,908,4876,SR-MMP,8,20,0.4244467496542185,0.5967621461586553,0.24357794634926527
26/09/2026 09:43:15,AMD Ryzen 5 3600 6-Core Processor,12,Not Available,Not Available,26.8 GB,Not Available,tox21,ecfp,100,10,10,908,4876,SR-MMP,9,21,0.7759336099585062,0.6596568466244809,0.32334022284848624
26/09/2026 09:43:15,AMD Ryzen 5 3600 6-Core Processor,12,Not Available,Not Available,26.8 GB,Not Available,tox21,ecfp,100,10,10,908,4876,SR-MMP,10,22,0.7342669432918395,0.7513524843429835,0.3708166263444669
26/09/2026 09:43:15,AMD Ryzen 5 3600 6-Core Processor,12,Not Available,Not Available,26.8 GB,Not Available,tox21,ecfp,100,10,10,908,4876,SR-MMP,11,23,0.5976832641770401,0.6849611556016523,0.26347159135715836
26/09/2026 09:43:15,AMD Ryzen 5 3600 6-Core Processor,12,Not Available,Not Available,26.8 GB,Not Available,tox21,ecfp,100,10,10,908,4876,SR-MMP,12,24,0.701417704011065,0.7143720434168254,0.29882694828793405
26/09/2026 09:43:15,AMD Ryzen 5 3600 6-Core Processor,12,Not Available,Not Available,26.8 GB,Not Available,tox21,ecfp,100,10,10,908,4876,SR-MMP,13,25,0.7392807745504841,0.7257854934535061,0.31922582889470624
26/09/2026 09:43:15,AMD Ryzen 5 3600 6-Core Processor,12,Not Available,Not Available,26.8 GB,Not Available,tox21,ecfp,100,10,10,908,4876,SR-MMP,14,26,0.7864799446749654,0.6570246067224887,0.2691240460470372
26/09/2026 09:43:15,AMD Ryzen 5 3600 6-Core Processor,12,Not Available,Not Available,26.8 GB,Not Available,tox21,ecfp,100,10,10,908,4876,SR-MMP,15,27,0.7005532503457814,0.6565511920292867,0.286490590725366
26/09/2026 09:43:15,AMD Ryzen 5 3600 6-Core Processor,12,Not Available,Not Available,26.8 GB,Not Available,tox21,ecfp,100,10,10,908,4876,SR-MMP,16,28,0.7603734439834025,0.6742173976285899,0.3401937587934979
26/09/2026 09:43:15,AMD Ryzen 5 3600 6-Core Processor,12,Not Available,Not Available,26.8 GB,Not Available,tox21,ecfp,100,10,10,908,4876,SR-MMP,17,29,0.6979598893499308,0.6341620198545064,0.274789225909873
26/09/2026 09:43:15,AMD Ryzen 5 3600 6-Core Processor,12,Not Available,Not Available,26.8 GB,Not Available,tox21,ecfp,100,10,10,908,4876,SR-MMP,18,30,0.8118948824343015,0.7254253504533579,0.32468792171571476
26/09/2026 09:43:15,AMD Ryzen 5 3600 6-Core Processor,12,Not Available,Not Available,26.8 GB,Not Available,tox21,ecfp,100,10,10,908,4876,SR-MMP,19,31,0.7378976486860305,0.6916966992877096,0.276436187056248
26/09/2026 09:43:20,AMD Ryzen 5 3600 6-Core Processor,12,Not Available,Not Available,26.8 GB,Not Available,tox21,ecfp,100,10,10,413,6334,SR-p53,0,12,0.3245887060915963,0.5613555269956292,0.07643909453057648
26/09/2026 09:43:20,AMD Ryzen 5 3600 6-Core Processor,12,Not Available,Not Available,26.8 GB,Not Available,tox21,ecfp,100,10,10,413,6334,SR-p53,1,13,0.6093078405217134,0.6570780239011416,0.10543504666621502
26/09/2026 09:43:20,AMD Ryzen 5 3600 6-Core Processor,12,Not Available,Not Available,26.8 GB,Not Available,tox21,ecfp,100,10,10,413,6334,SR-p53,2,14,0.864680598784645,0.7026671462899408,0.1563881093852234
26/09/2026 09:43:20,AMD Ryzen 5 3600 6-Core Processor,12,Not Available,Not Available,26.8 GB,Not Available,tox21,ecfp,100,10,10,413,6334,SR-p53,3,15,0.6294649473840225,0.6227617049613485,0.09548147412675118
26/09/2026 09:43:20,AMD Ryzen 5 3600 6-Core Processor,12,Not Available,Not Available,26.8 GB,Not Available,tox21,ecfp,100,10,10,413,6334,SR-p53,4,16,0.5491329479768786,0.5892890591610975,0.0857726179616882
26/09/2026 09:43:20,AMD Ryzen 5 3600 6-Core Processor,12,Not Available,Not Available,26.8 GB,Not Available,tox21,ecfp,100,10,10,413,6334,SR-p53,5,17,0.8458574181117534,0.672335625178234,0.1460407819354822
26/09/2026 09:43:20,AMD Ryzen 5 3600 6-Core Processor,12,Not Available,Not Available,26.8 GB,Not Available,tox21,ecfp,100,10,10,413,6334,SR-p53,6,18,0.2810137839039573,0.5408546902033761,0.07900967799230997
26/09/2026 09:43:20,AMD Ryzen 5 3600 6-Core Processor,12,Not Available,Not Available,26.8 GB,Not Available,tox21,ecfp,100,10,10,413,6334,SR-p53,7,19,0.18986216096042685,0.552563283130895,0.07824376793299241
26/09/2026 09:43:20,AMD Ryzen 5 3600 6-Core Processor,12,Not Available,Not Available,26.8 GB,Not Available,tox21,ecfp,100,10,10,413,6334,SR-p53,8,20,0.8056914184081814,0.6828586031341674,0.12270303808548125
26/09/2026 09:43:20,AMD Ryzen 5 3600 6-Core Processor,12,Not Available,Not Available,26.8 GB,Not Available,tox21,ecfp,100,10,10,413,6334,SR-p53,9,21,0.6585148955091151,0.6594154228190074,0.11567427984435069
26/09/2026 09:43:20,AMD Ryzen 5 3600 6-Core Processor,12,Not Available,Not Available,26.8 GB,Not Available,tox21,ecfp,100,10,10,413,6334,SR-p53,10,22,0.9081073069512375,0.5922459289999549,0.11462699886025433
26/09/2026 09:43:20,AMD Ryzen 5 3600 6-Core Processor,12,Not Available,Not Available,26.8 GB,Not Available,tox21,ecfp,100,10,10,413,6334,SR-p53,11,23,0.7753075440936713,0.674194993619889,0.1129129686492576
26/09/2026 09:43:20,AMD Ryzen 5 3600 6-Core Processor,12,Not Available,Not Available,26.8 GB,Not Available,tox21,ecfp,100,10,10,413,6334,SR-p53,12,24,0.2675263079887357,0.6026987601407064,0.09246287946216673
26/09/2026 09:43:20,AMD Ryzen 5 3600 6-Core Processor,12,Not Available,Not Available,26.8 GB,Not Available,tox21,ecfp,100,10,10,413,6334,SR-p53,13,25,0.8411145694382689,0.6605551652139077,0.1185340661125121
26/09/2026 09:43:20,AMD Ryzen 5 3600 6-Core Processor,12,Not Available,Not Available,26.8 GB,Not Available,tox21,ecfp,100,10,10,413,6334,SR-p53,14,26,0.5664739884393064,0.6599756416617799,0.11988653356588627
26/09/2026 09:43:20,AMD Ryzen 5 3600 6-Core Processor,12,Not Available,Not Available,26.8 GB,Not Available,tox21,ecfp,100,10,10,413,6334,SR-p53,15,27,0.7517415147472951,0.6660420987927103,0.12499502521318318
26/09/2026 09:43:20,AMD Ryzen 5 3600 6-Core Processor,12,Not Available,Not Available,26.8 GB,Not Available,tox21,ecfp,100,10,10,413,6334,SR-p53,16,28,0.8623091744479028,0.6469952315456535,0.11377062951058284
26/09/2026 09:43:20,AMD Ryzen 5 3600 6-Core Processor,12,Not Available,Not Available,26.8 GB,Not Available,tox21,ecfp,100,10,10,413,6334,SR-p53,17,29,0.18200681784496814,0.49118596666134035,0.057871665187935885
26/09/2026 09:43:20,AMD Ryzen 5 3600 6-Core Processor,12,Not Available,Not Available,26.8 GB,Not Available,tox21,ecfp,100,10,10,413,6334,SR-p53,18,30,0.6934934044760634,0.6535198410362308,0.1141141519102455
26/09/2026 09:43:20,AMD Ryzen 5 3600 6-Core Processor,12,Not Available,Not Available,26.8 GB,Not Available,tox21,ecfp,100,10,10,413,6334,SR-p53,19,31,0.7867200237142433,0.5042565928449484,0.0740293946813417
26/09/2026 09:43:25,AMD Ryzen 5 3600 6-Core Processor,12,Not Available,Not Available,26.8 GB,Not Available,tox21,ecfp,100,5,10,367,6078,SR-HSE,0,12,0.93033359193173,0.6169239038727246,0.12153320469398254
26/09/2026 09:43:25,AMD Ryzen 5 3600 6-Core Processor,12,Not Available,Not Available,26.8 GB,Not Available,tox21,ecfp,100,5,10,367,6078,SR-HSE,1,13,0.9430566330488751,0.5179220989982184,0.06758660042441576
26/09/2026 09:43:25,AMD Ryzen 5 3600 6-Core Processor,12,Not Available,Not Available,26.8 GB,Not Available,tox21,ecfp,100,5,10,367,6078,SR-HSE,2,14,0.9432117920868891,0.5508299015612659,0.10816943065102257
26/09/2026 09:43:25,AMD Ryzen 5 3600 6-Core Processor,12,Not Available,Not Available,26.8 GB,Not Available,tox21,ecfp,100,5,10,367,6078,SR-HSE,3,15,0.9269200930954228,0.5245709052077758,0.06869619100581871
26/09/2026 09:43:25,AMD Ryzen 5 3600 6-Core Processor,12,Not Available,Not Available,26.8 GB,Not Available,tox21,ecfp,100,5,10,367,6078,SR-HSE,4,16,0.908766485647789,0.5412570282960926,0.10685080972863521
26/09/2026 09:43:25,AMD Ryzen 5 3600 6-Core Processor,12,Not Available,Not Available,26.8 GB,Not Available,tox21,ecfp,100,5,10,367,6078,SR-HSE,5,17,0.9425911559348332,0.5462836441429446,0.0696518935557177
26/09/2026 09:43:25,AMD Ryzen 5 3600 6-Core Processor,12,Not Available,Not Available,26.8 GB,Not Available,tox21,ecfp,100,5,10,367,6078,SR-HSE,6,18,0.8251357641582622,0.5181428890365306,0.06094967150451698
26/09/2026 09:43:25,AMD Ryzen 5 3600 6-Core Processor,12,Not Available,Not Available,26.8 GB,Not Available,tox21,ecfp,100,5,10,367,6078,SR-HSE,7,19,0.9421256788207913,0.5685829897078218,0.07751140145979889
26/09/2026 09:43:25,AMD Ryzen 5 3600 6-Core Processor,12,Not Available,Not Available,26.8 GB,Not Available,tox21,ecfp,100,5,10,367,6078,SR-HSE,8,20,0.9354538401861908,0.5304336092200127,0.060555527043222354
26/09/2026 09:43:25,AMD Ryzen 5 3600 6-Core Processor,12,Not Available,Not Available,26.8 GB,Not Available,tox21,ecfp,100,5,10,367,6078,SR-HSE,9,21,0.9351435221101629,0.6081315289967928,0.08981903364135174
26/09/2026 09:43:25,AMD Ryzen 5 3600 6-Core Processor,12,Not Available,Not Available,26.8 GB,Not Available,tox21,ecfp,100,5,10,367,6078,SR-HSE,10,22,0.9416602017067495,0.5474853247474027,0.07460316851657575
26/09/2026 09:43:25,AMD Ryzen 5 3600 6-Core Processor,12,Not Available,Not Available,26.8 GB,Not Available,tox21,ecfp,100,5,10,367,6078,SR-HSE,11,23,0.9238169123351435,0.5022975613123849,0.06019730496445484
26/09/2026 09:43:25,AMD Ryzen 5 3600 6-Core Processor,12,Not Available,Not Available,26.8 GB,Not Available,tox21,ecfp,100,5,10,367,6078,SR-HSE,12,24,0.9368502715283166,0.6147204865360665,0.12043132519050159
26/09/2026 09:43:25,AMD Ryzen 5 3600 6-Core Processor,12,Not Available,Not Available,26.8 GB,Not Available,tox21,ecfp,100,5,10,367,6078,SR-HSE,13,25,0.9413498836307215,0.5276368606839514,0.06470605985022032
26/09/2026 09:43:25,AMD Ryzen 5 3600 6-Core Processor,12,Not Available,Not Available,26.8 GB,Not Available,tox21,ecfp,100,5,10,367,6078,SR-HSE,14,26,0.9123351435221102,0.5715075050680841,0.08285898065076634
26/09/2026 09:43:25,AMD Ryzen 5 3600 6-Core Processor,12,Not Available,Not Available,26.8 GB,Not Available,tox21,ecfp,100,5,10,367,6078,SR-HSE,15,27,0.9408844065166796,0.46104434360578594,0.06454106231617848
26/09/2026 09:43:25,AMD Ryzen 5 3600 6-Core Processor,12,Not Available,Not Available,26.8 GB,Not Available,tox21,ecfp,100,5,10,367,6078,SR-HSE,16,28,0.9429014740108611,0.5423795831304755,0.07041964509379592
26/09/2026 09:43:25,AMD Ryzen 5 3600 6-Core Processor,12,Not Available,Not Available,26.8 GB,Not Available,tox21,ecfp,100,5,10,367,6078,SR-HSE,17,29,0.9228859581070598,0.5447141295761818,0.07480642227300513
26/09/2026 09:43:25,AMD Ryzen 5 3600 6-Core Processor,12,Not Available,Not Available,26.8 GB,Not Available,tox21,ecfp,100,5,10,367,6078,SR-HSE,18,30,0.9411947245927075,0.6153440782990963,0.09319055973323251
26/09/2026 09:43:25,AMD Ryzen 5 3600 6-Core Processor,12,Not Available,Not Available,26.8 GB,Not Available,tox21,ecfp,100,5,10,367,6078,SR-HSE,19,31,0.9419705197827773,0.5282422961088054,0.06346799120475419
26/09/2026 09:43:30,AMD Ryzen 5 3600 6-Core Processor,12,Not Available,Not Available,26.8 GB,Not Available,tox21,ecfp,100,5,10,913,4876,SR-MMP,0,12,0.8163758852997064,0.6786111557872928,0.31319519897556336
26/09/2026 09:43:30,AMD Ryzen 5 3600 6-Core Processor,12,Not Available,Not Available,26.8 GB,Not Available,tox21,ecfp,100,5,10,913,4876,SR-MMP,1,13,0.8422870962169632,0.6527174025357901,0.26262501219668943
26/09/2026 09:43:30,AMD Ryzen 5 3600 6-Core Processor,12,Not Available,Not Available,26.8 GB,Not Available,tox21,ecfp,100,5,10,913,4876,SR-MMP,2,14,0.8191397477975471,0.7109681548177946,0.3514136726329722
26/09/2026 09:43:30,AMD Ryzen 5 3600 6-Core Processor,12,Not Available,Not Available,26.8 GB,Not Available,tox21,ecfp,100,5,10,913,4876,SR-MMP,3,15,0.8431508032475384,0.7230354410407683,0.3080849414898903
26/09/2026 09:43:30,AMD Ryzen 5 3600 6-Core Processor,12,Not Available,Not Available,26.8 GB,Not Available,tox21,ecfp,100,5,10,913,4876,SR-MMP,4,16,0.8398687165313525,0.6605131466278269,0.27467438171727465
26/09/2026 09:43:30,AMD Ryzen 5 3600 6-Core Processor,12,Not Available,Not Available,26.8 GB,Not Available,tox21,ecfp,100,5,10,913,4876,SR-MMP,5,17,0.8341682501295561,0.6007883798599575,0.23162595323511312
26/09/2026 09:43:30,AMD Ryzen 5 3600 6-Core Processor,12,Not Available,Not Available,26.8 GB,Not Available,tox21,ecfp,100,5,10,913,4876,SR-MMP,6,18,0.8305406806011401,0.6491103125306057,0.24240944654227317
26/09/2026 09:43:30,AMD Ryzen 5 3600 6-Core Processor,12,Not Available,Not Available,26.8 GB,Not Available,tox21,ecfp,100,5,10,913,4876,SR-MMP,7,19,0.8362411470029366,0.5655993726565595,0.19325844935435477
26/09/2026 09:43:30,AMD Ryzen 5 3600 6-Core Processor,12,Not Available,Not Available,26.8 GB,Not Available,tox21,ecfp,100,5,10,913,4876,SR-MMP,8,20,0.8431508032475384,0.681346124298821,0.2849212505564089
26/09/2026 09:43:30,AMD Ryzen 5 3600 6-Core Processor,12,Not Available,Not Available,26.8 GB,Not Available,tox21,ecfp,100,5,10,913,4876,SR-MMP,9,21,0.8443599930903437,0.5506372944983005,0.2439644606045209
26/09/2026 09:43:30,AMD Ryzen 5 3600 6-Core Processor,12,Not Available,Not Available,26.8 GB,Not Available,tox21,ecfp,100,5,10,913,4876,SR-MMP,10,22,0.8414233891863879,0.7384527295549563,0.3454798918772594
26/09/2026 09:43:30,AMD Ryzen 5 3600 6-Core Processor,12,Not Available,Not Available,26.8 GB,Not Available,tox21,ecfp,100,5,10,913,4876,SR-MMP,11,23,0.8127483157712904,0.7229098735159896,0.3200798110234594
26/09/2026 09:43:30,AMD Ryzen 5 3600 6-Core Processor,12,Not Available,Not Available,26.8 GB,Not Available,tox21,ecfp,100,5,10,913,4876,SR-MMP,12,24,0.8322680946622906,0.7181520099339861,0.30192563217915014
26/09/2026 09:43:30,AMD Ryzen 5 3600 6-Core Processor,12,Not Available,Not Available,26.8 GB,Not Available,tox21,ecfp,100,5,10,913,4876,SR-MMP,13,25,0.8419416134047332,0.6891151375582126,0.27412283449353386
26/09/2026 09:43:30,AMD Ryzen 5 3600 6-Core Processor,12,Not Available,Not Available,26.8 GB,Not Available,tox21,ecfp,100,5,10,913,4876,SR-MMP,14,26,0.8414233891863879,0.6295307638189419,0.254209254519813
26/09/2026 09:43:30,AMD Ryzen 5 3600 6-Core Processor,12,Not Available,Not Available,26.8 GB,Not Available,tox21,ecfp,100,5,10,913,4876,SR-MMP,15,27,0.8495422352737951,0.6429713184904582,0.3046998396950458
26/09/2026 09:43:30,AMD Ryzen 5 3600 6-Core Processor,12,Not Available,Not Available,26.8 GB,Not Available,tox21,ecfp,100,5,10,913,4876,SR-MMP,16,28,0.845223700120919,0.6550103014788664,0.30429399165989296
26/09/2026 09:43:30,AMD Ryzen 5 3600 6-Core Processor,12,Not Available,Not Available,26.8 GB,Not Available,tox21,ecfp,100,5,10,913,4876,SR-MMP,17,29,0.8436690274658836,0.6666446156016415,0.3087337483038019
26/09/2026 09:43:30,AMD Ryzen 5 3600 6-Core Processor,12,Not Available,Not Available,26.8 GB,Not Available,tox21,ecfp,100,5,10,913,4876,SR-MMP,18,30,0.8412506477802729,0.6693600414035888,0.2738733827212268
26/09/2026 09:43:30,AMD Ryzen 5 3600 6-Core Processor,12,Not Available,Not Available,26.8 GB,Not Available,tox21,ecfp,100,5,10,913,4876,SR-MMP,19,31,0.8390050095007774,0.6645928557244865,0.2830776656118997
26/09/2026 09:43:36,AMD Ryzen 5 3600 6-Core Processor,12,Not Available,Not Available,26.8 GB,Not Available,tox21,ecfp,100,5,10,418,6334,SR-p53,0,12,0.9321682464454977,0.621898714766363,0.08722979076767806
26/09/2026 09:43:36,AMD Ryzen 5 3600 6-Core Processor,12,Not Available,Not Available,26.8 GB,Not Available,tox21,ecfp,100,5,10,418,6334,SR-p53,1,13,0.9373518957345972,0.677992470195784,0.12163410901706326
26/09/2026 09:43:36,AMD Ryzen 5 3600 6-Core Processor,12,Not Available,Not Available,26.8 GB,Not Available,tox21,ecfp,100,5,10,418,6334,SR-p53,2,14,0.9373518957345972,0.6901424755591077,0.13306476854055282
26/09/2026 09:43:36,AMD Ryzen 5 3600 6-Core Processor,12,Not Available,Not Available,26.8 GB,Not Available,tox21,ecfp,100,5,10,418,6334,SR-p53,3,15,0.9269845971563981,0.6525117728730645,0.10748860561321692
26/09/2026 09:43:36,AMD Ryzen 5 3600 6-Core Processor,12,Not Available,Not Available,26.8 GB,Not Available,tox21,ecfp,100,5,10,418,6334,SR-p53,4,16,0.9379443127962085,0.6254742009025491,0.11510620145782283
26/09/2026 09:43:36,AMD Ryzen 5 3600 6-Core Processor,12,Not Available,Not Available,26.8 GB,Not Available,tox21,ecfp,100,5,10,418,6334,SR-p53,5,17,0.9386848341232228,0.5428178298028563,0.10291497385352366
26/09/2026 09:43:36,AMD Ryzen 5 3600 6-Core Processor,12,Not Available,Not Available,26.8 GB,Not Available,tox21,ecfp,100,5,10,418,6334,SR-p53,6,18,0.9012144549763034,0.49219258713134706,0.06415399950710199
26/09/2026 09:43:36,AMD Ryzen 5 3600 6-Core Processor,12,Not Available,Not Available,26.8 GB,Not Available,tox21,ecfp,100,5,10,418,6334,SR-p53,7,19,0.9369075829383886,0.5605175531762208,0.08317003502651397
26/09/2026 09:43:36,AMD Ryzen 5 3600 6-Core Processor,12,Not Available,Not Available,26.8 GB,Not Available,tox21,ecfp,100,5,10,418,6334,SR-p53,8,20,0.9373518957345972,0.664233467743763,0.11603918868588484
26/09/2026 09:43:36,AMD Ryzen 5 3600 6-Core Processor,12,Not Available,Not Available,26.8 GB,Not Available,tox21,ecfp,100,5,10,418,6334,SR-p53,9,21,0.933797393364929,0.6800596159860283,0.13881104329618135
26/09/2026 09:43:36,AMD Ryzen 5 3600 6-Core Processor,12,Not Available,Not Available,26.8 GB,Not Available,tox21,ecfp,100,5,10,418,6334,SR-p53,10,22,0.9373518957345972,0.6051015027881729,0.12322710018289593
26/09/2026 09:43:36,AMD Ryzen 5 3600 6-Core Processor,12,Not Available,Not Available,26.8 GB,Not Available,tox21,ecfp,100,5,10,418,6334,SR-p53,11,23,0.9376481042654028,0.6607550502112848,0.13689431298813964
26/09/2026 09:43:36,AMD Ryzen 5 3600 6-Core Processor,12,Not Available,Not Available,26.8 GB,Not Available,tox21,ecfp,100,5,10,418,6334,SR-p53,12,24,0.9237263033175356,0.6128473507447466,0.10317661330745125
26/09/2026 09:43:36,AMD Ryzen 5 3600 6-Core Processor,12,Not Available,Not Available,26.8 GB,Not Available,tox21,ecfp,100,5,10,418,6334,SR-p53,13,25,0.9382405213270142,0.6368584218533531,0.10498439568587915
26/09/2026 09:43:36,AMD Ryzen 5 3600 6-Core Processor,12,Not Available,Not Available,26.8 GB,Not Available,tox21,ecfp,100,5,10,418,6334,SR-p53,14,26,0.9382405213270142,0.6750722915593372,0.13693071142989377
26/09/2026 09:43:36,AMD Ryzen 5 3600 6-Core Processor,12,Not Available,Not Available,26.8 GB,Not Available,tox21,ecfp,100,5,10,418,6334,SR-p53,15,27,0.9074348341232228,0.6136609140614259,0.09993629142778605
26/09/2026 09:43:36,AMD Ryzen 5 3600 6-Core Processor,12,Not Available,Not Available,26.8 GB,Not Available,tox21,ecfp,100,5,10,418,6334,SR-p53,16,28,0.9311315165876777,0.6512015355724329,0.10555915479373157
26/09/2026 09:43:36,AMD Ryzen 5 3600 6-Core Processor,12,Not Available,Not Available,26.8 GB,Not Available,tox21,ecfp,100,5,10,418,6334,SR-p53,17,29,0.9229857819905213,0.5449469182040269,0.07371653195226001
26/09/2026 09:43:36,AMD Ryzen 5 3600 6-Core Processor,12,Not Available,Not Available,26.8 GB,Not Available,tox21,ecfp,100,5,10,418,6334,SR-p53,18,30,0.9348341232227488,0.6572975949648212,0.10251947224471954
26/09/2026 09:43:36,AMD Ryzen 5 3600 6-Core Processor,12,Not Available,Not Available,26.8 GB,Not Available,tox21,ecfp,100,5,10,418,6334,SR-p53,19,31,0.9382405213270142,0.5727336558377889,0.09153473179758945
26/09/2026 09:43:40,AMD Ryzen 5 3600 6-Core Processor,12,Not Available,Not Available,26.8 GB,Not Available,tox21,ecfp,100,1,10,371,6078,SR-HSE,0,12,0.942626763839355,0.5437732656064158,0.0694559267817591
26/09/2026 09:43:40,AMD Ryzen 5 3600 6-Core Processor,12,Not Available,Not Available,26.8 GB,Not Available,tox21,ecfp,100,1,10,371,6078,SR-HSE,1,13,0.9424717010389208,0.5028304547619491,0.060775236905247096
26/09/2026 09:43:40,AMD Ryzen 5 3600 6-Core Processor,12,Not Available,Not Available,26.8 GB,Not Available,tox21,ecfp,100,1,10,371,6078,SR-HSE,2,14,0.9424717010389208,0.5157144010167907,0.06462632663677059
26/09/2026 09:43:40,AMD Ryzen 5 3600 6-Core Processor,12,Not Available,Not Available,26.8 GB,Not Available,tox21,ecfp,100,1,10,371,6078,SR-HSE,3,15,0.9424717010389208,0.4718746147344184,0.05805523297308527
26/09/2026 09:43:40,AMD Ryzen 5 3600 6-Core Processor,12,Not Available,Not Available,26.8 GB,Not Available,tox21,ecfp,100,1,10,371,6078,SR-HSE,4,16,0.9434020778415259,0.4781433015009726,0.08663897261862102
26/09/2026 09:43:40,AMD Ryzen 5 3600 6-Core Processor,12,Not Available,Not Available,26.8 GB,Not Available,tox21,ecfp,100,1,10,371,6078,SR-HSE,5,17,0.9424717010389208,0.46876787743166337,0.06491419388807323
26/09/2026 09:43:40,AMD Ryzen 5 3600 6-Core Processor,12,Not Available,Not Available,26.8 GB,Not Available,tox21,ecfp,100,1,10,371,6078,SR-HSE,6,18,0.9421615754380525,0.5646902486897645,0.06767073822860438
26/09/2026 09:43:40,AMD Ryzen 5 3600 6-Core Processor,12,Not Available,Not Available,26.8 GB,Not Available,tox21,ecfp,100,1,10,371,6078,SR-HSE,7,19,0.9423166382384865,0.535798101765991,0.06406624181191983
26/09/2026 09:43:40,AMD Ryzen 5 3600 6-Core Processor,12,Not Available,Not Available,26.8 GB,Not Available,tox21,ecfp,100,1,10,371,6078,SR-HSE,8,20,0.9424717010389208,0.4781920833300073,0.059940384838293004
26/09/2026 09:43:40,AMD Ryzen 5 3600 6-Core Processor,12,Not Available,Not Available,26.8 GB,Not Available,tox21,ecfp,100,1,10,371,6078,SR-HSE,9,21,0.9424717010389208,0.5739408356238619,0.08080505110063146
26/09/2026 09:43:40,AMD Ryzen 5 3600 6-Core Processor,12,Not Available,Not Available,26.8 GB,Not Available,tox21,ecfp,100,1,10,371,6078,SR-HSE,10,22,0.9424717010389208,0.5121431276602727,0.060820366869335334
26/09/2026 09:43:40,AMD Ryzen 5 3600 6-Core Processor,12,Not Available,Not Available,26.8 GB,Not Available,tox21,ecfp,100,1,10,371,6078,SR-HSE,11,23,0.942626763839355,0.5413499173813207,0.07586246004982307
26/09/2026 09:43:40,AMD Ryzen 5 3600 6-Core Processor,12,Not Available,Not Available,26.8 GB,Not Available,tox21,ecfp,100,1,10,371,6078,SR-HSE,12,24,0.9424717010389208,0.5940648922498091,0.11005506645737488
26/09/2026 09:43:40,AMD Ryzen 5 3600 6-Core Processor,12,Not Available,Not Available,26.8 GB,Not Available,tox21,ecfp,100,1,10,371,6078,SR-HSE,13,25,0.9424717010389208,0.5460502683444067,0.06402473358651534
26/09/2026 09:43:40,AMD Ryzen 5 3600 6-Core Processor,12,Not Available,Not Available,26.8 GB,Not Available,tox21,ecfp,100,1,10,371,6078,SR-HSE,14,26,0.9424717010389208,0.5825763280409484,0.07784165988919697
26/09/2026 09:43:40,AMD Ryzen 5 3600 6-Core Processor,12,Not Available,Not Available,26.8 GB,Not Available,tox21,ecfp,100,1,10,371,6078,SR-HSE,15,27,0.9424717010389208,0.5201227262124279,0.06365920185963447
26/09/2026 09:43:40,AMD Ryzen 5 3600 6-Core Processor,12,Not Available,Not Available,26.8 GB,Not Available,tox21,ecfp,100,1,10,371,6078,SR-HSE,16,28,0.942626763839355,0.5113643922804086,0.06424312184703321
26/09/2026 09:43:40,AMD Ryzen 5 3600 6-Core Processor,12,Not Available,Not Available,26.8 GB,Not Available,tox21,ecfp,100,1,10,371,6078,SR-HSE,17,29,0.9424717010389208,0.5425428548368071,0.06619480230553551
26/09/2026 09:43:40,AMD Ryzen 5 3600 6-Core Processor,12,Not Available,Not Available,26.8 GB,Not Available,tox21,ecfp,100,1,10,371,6078,SR-HSE,18,30,0.9424717010389208,0.5841901196396531,0.07248169949804137
26/09/2026 09:43:40,AMD Ryzen 5 3600 6-Core Processor,12,Not Available,Not Available,26.8 GB,Not Available,tox21,ecfp,100,1,10,371,6078,SR-HSE,19,31,0.9424717010389208,0.558407814316846,0.07769507487621903
26/09/2026 09:43:45,AMD Ryzen 5 3600 6-Core Processor,12,Not Available,Not Available,26.8 GB,Not Available,tox21,ecfp,100,1,10,917,4876,SR-MMP,0,12,0.8418781287761091,0.7013600319549697,0.3048541972836729
26/09/2026 09:43:45,AMD Ryzen 5 3600 6-Core Processor,12,Not Available,Not Available,26.8 GB,Not Available,tox21,ecfp,100,1,10,917,4876,SR-MMP,1,13,0.841705506645952,0.6258918004013158,0.23265882809727714
26/09/2026 09:43:45,AMD Ryzen 5 3600 6-Core Processor,12,Not Available,Not Available,26.8 GB,Not Available,tox21,ecfp,100,1,10,917,4876,SR-MMP,2,14,0.841705506645952,0.6398441434824654,0.24375194478045603
26/09/2026 09:43:45,AMD Ryzen 5 3600 6-Core Processor,12,Not Available,Not Available,26.8 GB,Not Available,tox21,ecfp,100,1,10,917,4876,SR-MMP,3,15,0.841705506645952,0.5438888804399267,0.18626423003679163
26/09/2026 09:43:45,AMD Ryzen 5 3600 6-Core Processor,12,Not Available,Not Available,26.8 GB,Not Available,tox21,ecfp,100,1,10,917,4876,SR-MMP,4,16,0.8406697738650095,0.5461000981371827,0.17911404070306478
26/09/2026 09:43:45,AMD Ryzen 5 3600 6-Core Processor,12,Not Available,Not Available,26.8 GB,Not Available,tox21,ecfp,100,1,10,917,4876,SR-MMP,5,17,0.8418781287761091,0.6877821891301217,0.2809878974982364
26/09/2026 09:43:45,AMD Ryzen 5 3600 6-Core Processor,12,Not Available,Not Available,26.8 GB,Not Available,tox21,ecfp,100,1,10,917,4876,SR-MMP,6,18,0.8420507509062661,0.6509259516041449,0.2504343759738429
26/09/2026 09:43:45,AMD Ryzen 5 3600 6-Core Processor,12,Not Available,Not Available,26.8 GB,Not Available,tox21,ecfp,100,1,10,917,4876,SR-MMP,7,19,0.8422233730364233,0.6157240457567968,0.20697199354963
26/09/2026 09:43:45,AMD Ryzen 5 3600 6-Core Processor,12,Not Available,Not Available,26.8 GB,Not Available,tox21,ecfp,100,1,10,917,4876,SR-MMP,8,20,0.8415328845157949,0.5831762944580672,0.21544626547958595
26/09/2026 09:43:45,AMD Ryzen 5 3600 6-Core Processor,12,Not Available,Not Available,26.8 GB,Not Available,tox21,ecfp,100,1,10,917,4876,SR-MMP,9,21,0.841705506645952,0.39609088379824,0.13772353507710816
26/09/2026 09:43:45,AMD Ryzen 5 3600 6-Core Processor,12,Not Available,Not Available,26.8 GB,Not Available,tox21,ecfp,100,1,10,917,4876,SR-MMP,10,22,0.8418781287761091,0.6738866528958521,0.27139816000745043
26/09/2026 09:43:45,AMD Ryzen 5 3600 6-Core Processor,12,Not Available,Not Available,26.8 GB,Not Available,tox21,ecfp,100,1,10,917,4876,SR-MMP,11,23,0.841705506645952,0.7063198959048078,0.2847144181605893
26/09/2026 09:43:45,AMD Ryzen 5 3600 6-Core Processor,12,Not Available,Not Available,26.8 GB,Not Available,tox21,ecfp,100,1,10,917,4876,SR-MMP,12,24,0.8418781287761091,0.6488369580872821,0.2494332499398678
26/09/2026 09:43:45,AMD Ryzen 5 3600 6-Core Processor,12,Not Available,Not Available,26.8 GB,Not Available,tox21,ecfp,100,1,10,917,4876,SR-MMP,13,25,0.841705506645952,0.49908617017184304,0.1644498232734846
26/09/2026 09:43:45,AMD Ryzen 5 3600 6-Core Processor,12,Not Available,Not Available,26.8 GB,Not Available,tox21,ecfp,100,1,10,917,4876,SR-MMP,14,26,0.8422233730364233,0.5920410700084002,0.2296565894486737
26/09/2026 09:43:45,AMD Ryzen 5 3600 6-Core Processor,12,Not Available,Not Available,26.8 GB,Not Available,tox21,ecfp,100,1,10,917,4876,SR-MMP,15,27,0.8422233730364233,0.477306671091935,0.17445931684323776
26/09/2026 09:43:45,AMD Ryzen 5 3600 6-Core Processor,12,Not Available,Not Available,26.8 GB,Not Available,tox21,ecfp,100,1,10,917,4876,SR-MMP,16,28,0.841705506645952,0.4554610837315031,0.15851548732941262
26/09/2026 09:43:45,AMD Ryzen 5 3600 6-Core Processor,12,Not Available,Not Available,26.8 GB,Not Available,tox21,ecfp,100,1,10,917,4876,SR-MMP,17,29,0.841705506645952,0.36457024054792225,0.12096215250487119
26/09/2026 09:43:45,AMD Ryzen 5 3600 6-Core Processor,12,Not Available,Not Available,26.8 GB,Not Available,tox21,ecfp,100,1,10,917,4876,SR-MMP,18,30,0.841705506645952,0.6461224183077285,0.24363988317603846
26/09/2026 09:43:45,AMD Ryzen 5 3600 6-Core Processor,12,Not Available,Not Available,26.8 GB,Not Available,tox21,ecfp,100,1,10,917,4876,SR-MMP,19,31,0.841705506645952,0.679382715331497,0.3018136601070923
26/09/2026 09:43:50,AMD Ryzen 5 3600 6-Core Processor,12,Not Available,Not Available,26.8 GB,Not Available,tox21,ecfp,100,1,10,422,6334,SR-p53,0,12,0.9375370041444642,0.5243876798201836,0.06660219393258375
26/09/2026 09:43:50,AMD Ryzen 5 3600 6-Core Processor,12,Not Available,Not Available,26.8 GB,Not Available,tox21,ecfp,100,1,10,422,6334,SR-p53,1,13,0.9375370041444642,0.5608726769095396,0.07745314901926793
26/09/2026 09:43:50,AMD Ryzen 5 3600 6-Core Processor,12,Not Available,Not Available,26.8 GB,Not Available,tox21,ecfp,100,1,10,422,6334,SR-p53,2,14,0.9375370041444642,0.6151028751775194,0.11052604828069922
26/09/2026 09:43:50,AMD Ryzen 5 3600 6-Core Processor,12,Not Available,Not Available,26.8 GB,Not Available,tox21,ecfp,100,1,10,422,6334,SR-p53,3,15,0.9375370041444642,0.5511727126752932,0.07431553109194475
26/09/2026 09:43:50,AMD Ryzen 5 3600 6-Core Processor,12,Not Available,Not Available,26.8 GB,Not Available,tox21,ecfp,100,1,10,422,6334,SR-p53,4,16,0.9375370041444642,0.6438484774114573,0.10451275591501849
26/09/2026 09:43:50,AMD Ryzen 5 3600 6-Core Processor,12,Not Available,Not Available,26.8 GB,Not Available,tox21,ecfp,100,1,10,422,6334,SR-p53,5,17,0.9375370041444642,0.5625852055483309,0.08051547986276568
26/09/2026 09:43:50,AMD Ryzen 5 3600 6-Core Processor,12,Not Available,Not Available,26.8 GB,Not Available,tox21,ecfp,100,1,10,422,6334,SR-p53,6,18,0.9369449378330373,0.4432929484599027,0.05380154998004498
26/09/2026 09:43:50,AMD Ryzen 5 3600 6-Core Processor,12,Not Available,Not Available,26.8 GB,Not Available,tox21,ecfp,100,1,10,422,6334,SR-p53,7,19,0.9373889875666075,0.5155846653208368,0.06410962582156708
26/09/2026 09:43:50,AMD Ryzen 5 3600 6-Core Processor,12,Not Available,Not Available,26.8 GB,Not Available,tox21,ecfp,100,1,10,422,6334,SR-p53,8,20,0.9375370041444642,0.4462279101576237,0.056856757178554
26/09/2026 09:43:50,AMD Ryzen 5 3600 6-Core Processor,12,Not Available,Not Available,26.8 GB,Not Available,tox21,ecfp,100,1,10,422,6334,SR-p53,9,21,0.9375370041444642,0.6823101309864614,0.13471203989841163
26/09/2026 09:43:50,AMD Ryzen 5 3600 6-Core Processor,12,Not Available,Not Available,26.8 GB,Not Available,tox21,ecfp,100,1,10,422,6334,SR-p53,10,22,0.9375370041444642,0.5320109107996115,0.09093181419764165
26/09/2026 09:43:50,AMD Ryzen 5 3600 6-Core Processor,12,Not Available,Not Available,26.8 GB,Not Available,tox21,ecfp,100,1,10,422,6334,SR-p53,11,23,0.9376850207223208,0.5896141638370818,0.10918543924306737
26/09/2026 09:43:50,AMD Ryzen 5 3600 6-Core Processor,12,Not Available,Not Available,26.8 GB,Not Available,tox21,ecfp,100,1,10,422,6334,SR-p53,12,24,0.9375370041444642,0.6220605488771199,0.09616554226893012
26/09/2026 09:43:50,AMD Ryzen 5 3600 6-Core Processor,12,Not Available,Not Available,26.8 GB,Not Available,tox21,ecfp,100,1,10,422,6334,SR-p53,13,25,0.9375370041444642,0.5810214040826833,0.0810602482312253
26/09/2026 09:43:50,AMD Ryzen 5 3600 6-Core Processor,12,Not Available,Not Available,26.8 GB,Not Available,tox21,ecfp,100,1,10,422,6334,SR-p53,14,26,0.9375370041444642,0.5383580226775829,0.08400543193066357
26/09/2026 09:43:50,AMD Ryzen 5 3600 6-Core Processor,12,Not Available,Not Available,26.8 GB,Not Available,tox21,ecfp,100,1,10,422,6334,SR-p53,15,27,0.9378330373001776,0.5637951056286916,0.07889329627649055
26/09/2026 09:43:50,AMD Ryzen 5 3600 6-Core Processor,12,Not Available,Not Available,26.8 GB,Not Available,tox21,ecfp,100,1,10,422,6334,SR-p53,16,28,0.9375370041444642,0.587917909364492,0.07890971548525488
26/09/2026 09:43:50,AMD Ryzen 5 3600 6-Core Processor,12,Not Available,Not Available,26.8 GB,Not Available,tox21,ecfp,100,1,10,422,6334,SR-p53,17,29,0.9375370041444642,0.5385815586386268,0.07819170365632491
26/09/2026 09:43:50,AMD Ryzen 5 3600 6-Core Processor,12,Not Available,Not Available,26.8 GB,Not Available,tox21,ecfp,100,1,10,422,6334,SR-p53,18,30,0.9375370041444642,0.5680860607838237,0.0823882570838616
26/09/2026 09:43:50,AMD Ryzen 5 3600 6-Core Processor,12,Not Available,Not Available,26.8 GB,Not Available,tox21,ecfp,100,1,10,422,6334,SR-p53,19,31,0.9375370041444642,0.58787974925064,0.07782022594797232
26/09/2026 09:43:55,AMD Ryzen 5 3600 6-Core Processor,12,Not Available,Not Available,26.8 GB,Not Available,tox21,ecfp,100,1,5,371,6083,SR-HSE,0,12,0.9425162689804772,0.5693501796575937,0.08199902008789493
26/09/2026 09:43:55,AMD Ryzen 5 3600 6-Core Processor,12,Not Available,Not Available,26.8 GB,Not Available,tox21,ecfp,100,1,5,371,6083,SR-HSE,1,13,0.9425162689804772,0.4711537566803867,0.05978615443776894
26/09/2026 09:43:55,AMD Ryzen 5 3600 6-Core Processor,12,Not Available,Not Available,26.8 GB,Not Available,tox21,ecfp,100,1,5,371,6083,SR-HSE,2,14,0.9425162689804772,0.5912657917673442,0.07715494133932702
26/09/2026 09:43:55,AMD Ryzen 5 3600 6-Core Processor,12,Not Available,Not Available,26.8 GB,Not Available,tox21,ecfp,100,1,5,371,6083,SR-HSE,3,15,0.9425162689804772,0.49943924852655963,0.06074206425251494
26/09/2026 09:43:55,AMD Ryzen 5 3600 6-Core Processor,12,Not Available,Not Available,26.8 GB,Not Available,tox21,ecfp,100,1,5,371,6083,SR-HSE,4,16,0.9434459250077472,0.5088339958516355,0.08857360331096872
26/09/2026 09:43:55,AMD Ryzen 5 3600 6-Core Processor,12,Not Available,Not Available,26.8 GB,Not Available,tox21,ecfp,100,1,5,371,6083,SR-HSE,5,17,0.9425162689804772,0.4655641877655594,0.06184876997976924
26/09/2026 09:43:55,AMD Ryzen 5 3600 6-Core Processor,12,Not Available,Not Available,26.8 GB,Not Available,tox21,ecfp,100,1,5,371,6083,SR-HSE,6,18,0.9423613263092656,0.5449988102586281,0.063629988860034
26/09/2026 09:43:55,AMD Ryzen 5 3600 6-Core Processor,12,Not Available,Not Available,26.8 GB,Not Available,tox21,ecfp,100,1,5,371,6083,SR-HSE,7,19,0.9423613263092656,0.5307476139814329,0.061458238152793734
26/09/2026 09:43:55,AMD Ryzen 5 3600 6-Core Processor,12,Not Available,Not Available,26.8 GB,Not Available,tox21,ecfp,100,1,5,371,6083,SR-HSE,8,20,0.9425162689804772,0.44114347217489597,0.05161331193368654
26/09/2026 09:43:55,AMD Ryzen 5 3600 6-Core Processor,12,Not Available,Not Available,26.8 GB,Not Available,tox21,ecfp,100,1,5,371,6083,SR-HSE,9,21,0.9422063836380539,0.5787810401751512,0.08518345193754828
26/09/2026 09:43:55,AMD Ryzen 5 3600 6-Core Processor,12,Not Available,Not Available,26.8 GB,Not Available,tox21,ecfp,100,1,5,371,6083,SR-HSE,10,22,0.9425162689804772,0.4920360440678432,0.05650140810565315
26/09/2026 09:43:55,AMD Ryzen 5 3600 6-Core Processor,12,Not Available,Not Available,26.8 GB,Not Available,tox21,ecfp,100,1,5,371,6083,SR-HSE,11,23,0.9426712116516889,0.5606912109351632,0.07462790011570147
26/09/2026 09:43:55,AMD Ryzen 5 3600 6-Core Processor,12,Not Available,Not Available,26.8 GB,Not Available,tox21,ecfp,100,1,5,371,6083,SR-HSE,12,24,0.9425162689804772,0.5491341031277569,0.07095201093233923
26/09/2026 09:43:55,AMD Ryzen 5 3600 6-Core Processor,12,Not Available,Not Available,26.8 GB,Not Available,tox21,ecfp,100,1,5,371,6083,SR-HSE,13,25,0.9425162689804772,0.5054830017640076,0.057468358589359586
26/09/2026 09:43:55,AMD Ryzen 5 3600 6-Core Processor,12,Not Available,Not Available,26.8 GB,Not Available,tox21,ecfp,100,1,5,371,6083,SR-HSE,14,26,0.9425162689804772,0.594235935683955,0.08050255760945889
26/09/2026 09:43:55,AMD Ryzen 5 3600 6-Core Processor,12,Not Available,Not Available,26.8 GB,Not Available,tox21,ecfp,100,1,5,371,6083,SR-HSE,15,27,0.9425162689804772,0.4625422003701713,0.05745693205619076
26/09/2026 09:43:55,AMD Ryzen 5 3600 6-Core Processor,12,Not Available,Not Available,26.8 GB,Not Available,tox21,ecfp,100,1,5,371,6083,SR-HSE,16,28,0.9425162689804772,0.5099231520126126,0.06348746409943877
26/09/2026 09:43:55,AMD Ryzen 5 3600 6-Core Processor,12,Not Available,Not Available,26.8 GB,Not Available,tox21,ecfp,100,1,5,371,6083,SR-HSE,17,29,0.9425162689804772,0.5050671461671495,0.06489429231286423
26/09/2026 09:43:55,AMD Ryzen 5 3600 6-Core Processor,12,Not Available,Not Available,26.8 GB,Not Available,tox21,ecfp,100,1,5,371,6083,SR-HSE,18,30,0.9425162689804772,0.5435073132538075,0.0710260172258424
26/09/2026 09:43:55,AMD Ryzen 5 3600 6-Core Processor,12,Not Available,Not Available,26.8 GB,Not Available,tox21,ecfp,100,1,5,371,6083,SR-HSE,19,31,0.9425162689804772,0.5444229931588764,0.07242467208330794
26/09/2026 09:43:59,AMD Ryzen 5 3600 6-Core Processor,12,Not Available,Not Available,26.8 GB,Not Available,tox21,ecfp,100,1,5,917,4881,SR-MMP,0,12,0.8416695412211107,0.6856117806633203,0.2580919450935789
26/09/2026 09:43:59,AMD Ryzen 5 3600 6-Core Processor,12,Not Available,Not Available,26.8 GB,Not Available,tox21,ecfp,100,1,5,917,4881,SR-MMP,1,13,0.8418420144877544,0.5452128152762017,0.17826691194209118
26/09/2026 09:43:59,AMD Ryzen 5 3600 6-Core Processor,12,Not Available,Not Available,26.8 GB,Not Available,tox21,ecfp,100,1,5,917,4881,SR-MMP,2,14,0.8418420144877544,0.5856205387234724,0.21958872057309645
26/09/2026 09:43:59,AMD Ryzen 5 3600 6-Core Processor,12,Not Available,Not Available,26.8 GB,Not Available,tox21,ecfp,100,1,5,917,4881,SR-MMP,3,15,0.8418420144877544,0.5908077902945055,0.20467579104285052
26/09/2026 09:43:59,AMD Ryzen 5 3600 6-Core Processor,12,Not Available,Not Available,26.8 GB,Not Available,tox21,ecfp,100,1,5,917,4881,SR-MMP,4,16,0.838909968954812,0.5196033090274822,0.1681491611126009
26/09/2026 09:43:59,AMD Ryzen 5 3600 6-Core Processor,12,Not Available,Not Available,26.8 GB,Not Available,tox21,ecfp,100,1,5,917,4881,SR-MMP,5,17,0.8427043808209728,0.6062691177617258,0.2558805122193006
26/09/2026 09:43:59,AMD Ryzen 5 3600 6-Core Processor,12,Not Available,Not Available,26.8 GB,Not Available,tox21,ecfp,100,1,5,917,4881,SR-MMP,6,18,0.8418420144877544,0.6321113158382146,0.24016210987127187
26/09/2026 09:43:59,AMD Ryzen 5 3600 6-Core Processor,12,Not Available,Not Available,26.8 GB,Not Available,tox21,ecfp,100,1,5,917,4881,SR-MMP,7,19,0.8423594342876854,0.4925992157514605,0.17173313303260937
26/09/2026 09:43:59,AMD Ryzen 5 3600 6-Core Processor,12,Not Available,Not Available,26.8 GB,Not Available,tox21,ecfp,100,1,5,917,4881,SR-MMP,8,20,0.8416695412211107,0.5844101614052397,0.22170854778781499
26/09/2026 09:43:59,AMD Ryzen 5 3600 6-Core Processor,12,Not Available,Not Available,26.8 GB,Not Available,tox21,ecfp,100,1,5,917,4881,SR-MMP,9,21,0.8418420144877544,0.3526755762055123,0.12229897609365702
26/09/2026 09:43:59,AMD Ryzen 5 3600 6-Core Processor,12,Not Available,Not Available,26.8 GB,Not Available,tox21,ecfp,100,1,5,917,4881,SR-MMP,10,22,0.842014487754398,0.6921820014267596,0.29668354799899715
26/09/2026 09:43:59,AMD Ryzen 5 3600 6-Core Processor,12,Not Available,Not Available,26.8 GB,Not Available,tox21,ecfp,100,1,5,917,4881,SR-MMP,11,23,0.8418420144877544,0.7253176304889521,0.30768237745874144
26/09/2026 09:43:59,AMD Ryzen 5 3600 6-Core Processor,12,Not Available,Not Available,26.8 GB,Not Available,tox21,ecfp,100,1,5,917,4881,SR-MMP,12,24,0.8421869610210417,0.6476501700113743,0.2509354485911387
26/09/2026 09:43:59,AMD Ryzen 5 3600 6-Core Processor,12,Not Available,Not Available,26.8 GB,Not Available,tox21,ecfp,100,1,5,917,4881,SR-MMP,13,25,0.8418420144877544,0.4180002042057903,0.1461146585313412
26/09/2026 09:43:59,AMD Ryzen 5 3600 6-Core Processor,12,Not Available,Not Available,26.8 GB,Not Available,tox21,ecfp,100,1,5,917,4881,SR-MMP,14,26,0.8418420144877544,0.5514687959476992,0.20786871030372292
26/09/2026 09:43:59,AMD Ryzen 5 3600 6-Core Processor,12,Not Available,Not Available,26.8 GB,Not Available,tox21,ecfp,100,1,5,917,4881,SR-MMP,15,27,0.8423594342876854,0.4743555285366421,0.1680154678731928
26/09/2026 09:43:59,AMD Ryzen 5 3600 6-Core Processor,12,Not Available,Not Available,26.8 GB,Not Available,tox21,ecfp,100,1,5,917,4881,SR-MMP,16,28,0.8418420144877544,0.37468109601760735,0.13076200000519406
26/09/2026 09:43:59,AMD Ryzen 5 3600 6-Core Processor,12,Not Available,Not Available,26.8 GB,Not Available,tox21,ecfp,100,1,5,917,4881,SR-MMP,17,29,0.8411521214211797,0.3302886786209719,0.11395252785690238
26/09/2026 09:43:59,AMD Ryzen 5 3600 6-Core Processor,12,Not Available,Not Available,26.8 GB,Not Available,tox21,ecfp,100,1,5,917,4881,SR-MMP,18,30,0.8418420144877544,0.6363881313092383,0.23322615466441696
26/09/2026 09:43:59,AMD Ryzen 5 3600 6-Core Processor,12,Not Available,Not Available,26.8 GB,Not Available,tox21,ecfp,100,1,5,917,4881,SR-MMP,19,31,0.8418420144877544,0.6664382198170327,0.2771928721400592
26/09/2026 09:44:04,AMD Ryzen 5 3600 6-Core Processor,12,Not Available,Not Available,26.8 GB,Not Available,tox21,ecfp,100,1,5,422,6339,SR-p53,0,12,0.9374352906374797,0.609949391751506,0.0803547989754525
26/09/2026 09:44:04,AMD Ryzen 5 3600 6-Core Processor,12,Not Available,Not Available,26.8 GB,Not Available,tox21,ecfp,100,1,5,422,6339,SR-p53,1,13,0.9375831977518119,0.6130977347033223,0.08925190259357324
26/09/2026 09:44:04,AMD Ryzen 5 3600 6-Core Processor,12,Not Available,Not Available,26.8 GB,Not Available,tox21,ecfp,100,1,5,422,6339,SR-p53,2,14,0.9375831977518119,0.585004138228031,0.08317580535186317
26/09/2026 09:44:04,AMD Ryzen 5 3600 6-Core Processor,12,Not Available,Not Available,26.8 GB,Not Available,tox21,ecfp,100,1,5,422,6339,SR-p53,3,15,0.9375831977518119,0.5745092255943609,0.07889204606076444
26/09/2026 09:44:04,AMD Ryzen 5 3600 6-Core Processor,12,Not Available,Not Available,26.8 GB,Not Available,tox21,ecfp,100,1,5,422,6339,SR-p53,4,16,0.9375831977518119,0.5905597187051645,0.10017810532368739
26/09/2026 09:44:04,AMD Ryzen 5 3600 6-Core Processor,12,Not Available,Not Available,26.8 GB,Not Available,tox21,ecfp,100,1,5,422,6339,SR-p53,5,17,0.9375831977518119,0.5774001909491309,0.0819478844049478
26/09/2026 09:44:04,AMD Ryzen 5 3600 6-Core Processor,12,Not Available,Not Available,26.8 GB,Not Available,tox21,ecfp,100,1,5,422,6339,SR-p53,6,18,0.9375831977518119,0.40729715019263135,0.04985572321708323
26/09/2026 09:44:04,AMD Ryzen 5 3600 6-Core Processor,12,Not Available,Not Available,26.8 GB,Not Available,tox21,ecfp,100,1,5,422,6339,SR-p53,7,19,0.9374352906374797,0.5409753732442436,0.06749603810358747
26/09/2026 09:44:04,AMD Ryzen 5 3600 6-Core Processor,12,Not Available,Not Available,26.8 GB,Not Available,tox21,ecfp,100,1,5,422,6339,SR-p53,8,20,0.9375831977518119,0.45789754838960495,0.06324546508766962
26/09/2026 09:44:04,AMD Ryzen 5 3600 6-Core Processor,12,Not Available,Not Available,26.8 GB,Not Available,tox21,ecfp,100,1,5,422,6339,SR-p53,9,21,0.9378790119804763,0.6206564493181083,0.1264345711950437
26/09/2026 09:44:04,AMD Ryzen 5 3600 6-Core Processor,12,Not Available,Not Available,26.8 GB,Not Available,tox21,ecfp,100,1,5,422,6339,SR-p53,10,22,0.9375831977518119,0.49000601108461944,0.07953010565824287
26/09/2026 09:44:04,AMD Ryzen 5 3600 6-Core Processor,12,Not Available,Not Available,26.8 GB,Not Available,tox21,ecfp,100,1,5,422,6339,SR-p53,11,23,0.9377311048661441,0.6444953716891373,0.13100140899564122
26/09/2026 09:44:04,AMD Ryzen 5 3600 6-Core Processor,12,Not Available,Not Available,26.8 GB,Not Available,tox21,ecfp,100,1,5,422,6339,SR-p53,12,24,0.9375831977518119,0.6413068426927566,0.10082256579736533
26/09/2026 09:44:04,AMD Ryzen 5 3600 6-Core Processor,12,Not Available,Not Available,26.8 GB,Not Available,tox21,ecfp,100,1,5,422,6339,SR-p53,13,25,0.9375831977518119,0.5902935562518644,0.07894807188003948
26/09/2026 09:44:04,AMD Ryzen 5 3600 6-Core Processor,12,Not Available,Not Available,26.8 GB,Not Available,tox21,ecfp,100,1,5,422,6339,SR-p53,14,26,0.9375831977518119,0.5297688872540334,0.07978991092877354
26/09/2026 09:44:04,AMD Ryzen 5 3600 6-Core Processor,12,Not Available,Not Available,26.8 GB,Not Available,tox21,ecfp,100,1,5,422,6339,SR-p53,15,27,0.9378790119804763,0.553162398721822,0.07592222231306736
26/09/2026 09:44:04,AMD Ryzen 5 3600 6-Core Processor,12,Not Available,Not Available,26.8 GB,Not Available,tox21,ecfp,100,1,5,422,6339,SR-p53,16,28,0.9375831977518119,0.6227878049746959,0.08959404676521378
26/09/2026 09:44:04,AMD Ryzen 5 3600 6-Core Processor,12,Not Available,Not Available,26.8 GB,Not Available,tox21,ecfp,100,1,5,422,6339,SR-p53,17,29,0.9375831977518119,0.6099488310160004,0.09707461429478931
26/09/2026 09:44:04,AMD Ryzen 5 3600 6-Core Processor,12,Not Available,Not Available,26.8 GB,Not Available,tox21,ecfp,100,1,5,422,6339,SR-p53,18,30,0.9375831977518119,0.5464034798497827,0.08286873439552202
26/09/2026 09:44:04,AMD Ryzen 5 3600 6-Core Processor,12,Not Available,Not Available,26.8 GB,Not Available,tox21,ecfp,100,1,5,422,6339,SR-p53,19,31,0.9375831977518119,0.4946961897648574,0.06350747541217754
26/09/2026 09:44:09,AMD Ryzen 5 3600 6-Core Processor,12,Not Available,Not Available,26.8 GB,Not Available,tox21,ecfp,100,1,1,371,6087,SR-HSE,0,12,0.12279343449984516,0.5738492222167608,0.07529317358829112
26/09/2026 09:44:09,AMD Ryzen 5 3600 6-Core Processor,12,Not Available,Not Available,26.8 GB,Not Available,tox21,ecfp,100,1,1,371,6087,SR-HSE,1,13,0.747909569526169,0.4971812581007556,0.062427967323277
26/09/2026 09:44:09,AMD Ryzen 5 3600 6-Core Processor,12,Not Available,Not Available,26.8 GB,Not Available,tox21,ecfp,100,1,1,371,6087,SR-HSE,2,14,0.8010219882316507,0.5404476510188964,0.06726203428592366
26/09/2026 09:44:09,AMD Ryzen 5 3600 6-Core Processor,12,Not Available,Not Available,26.8 GB,Not Available,tox21,ecfp,100,1,1,371,6087,SR-HSE,3,15,0.14602043976463303,0.4925135401901538,0.0619747714611465
26/09/2026 09:44:09,AMD Ryzen 5 3600 6-Core Processor,12,Not Available,Not Available,26.8 GB,Not Available,tox21,ecfp,100,1,1,371,6087,SR-HSE,4,16,0.05744812635490864,0.5184598700690837,0.09493505956538742
26/09/2026 09:44:09,AMD Ryzen 5 3600 6-Core Processor,12,Not Available,Not Available,26.8 GB,Not Available,tox21,ecfp,100,1,1,371,6087,SR-HSE,5,17,0.0774233508826262,0.44553657500829175,0.05518025507717752
26/09/2026 09:44:09,AMD Ryzen 5 3600 6-Core Processor,12,Not Available,Not Available,26.8 GB,Not Available,tox21,ecfp,100,1,1,371,6087,SR-HSE,6,18,0.29111179931867454,0.5768559392846846,0.07810387801673485
26/09/2026 09:44:09,AMD Ryzen 5 3600 6-Core Processor,12,Not Available,Not Available,26.8 GB,Not Available,tox21,ecfp,100,1,1,371,6087,SR-HSE,7,19,0.8696190771136575,0.4926621047816544,0.05720681582517531
26/09/2026 09:44:09,AMD Ryzen 5 3600 6-Core Processor,12,Not Available,Not Available,26.8 GB,Not Available,tox21,ecfp,100,1,1,371,6087,SR-HSE,8,20,0.20811396717249922,0.46056263248485463,0.052758486657945476
26/09/2026 09:44:09,AMD Ryzen 5 3600 6-Core Processor,12,Not Available,Not Available,26.8 GB,Not Available,tox21,ecfp,100,1,1,371,6087,SR-HSE,9,21,0.4053886652214308,0.5940648556399415,0.07982212855449448
26/09/2026 09:44:09,AMD Ryzen 5 3600 6-Core Processor,12,Not Available,Not Available,26.8 GB,Not Available,tox21,ecfp,100,1,1,371,6087,SR-HSE,10,22,0.9422421802415608,0.5106410772460597,0.062204522576480514
26/09/2026 09:44:09,AMD Ryzen 5 3600 6-Core Processor,12,Not Available,Not Available,26.8 GB,Not Available,tox21,ecfp,100,1,1,371,6087,SR-HSE,11,23,0.06580984825023227,0.5283140642179857,0.06574910438470757
26/09/2026 09:44:09,AMD Ryzen 5 3600 6-Core Processor,12,Not Available,Not Available,26.8 GB,Not Available,tox21,ecfp,100,1,1,371,6087,SR-HSE,12,24,0.06364199442551874,0.5667619605566545,0.07570757765240854
26/09/2026 09:44:09,AMD Ryzen 5 3600 6-Core Processor,12,Not Available,Not Available,26.8 GB,Not Available,tox21,ecfp,100,1,1,371,6087,SR-HSE,13,25,0.05977082688138743,0.5271335181645121,0.06253349773895789
26/09/2026 09:44:09,AMD Ryzen 5 3600 6-Core Processor,12,Not Available,Not Available,26.8 GB,Not Available,tox21,ecfp,100,1,1,371,6087,SR-HSE,14,26,0.13812325797460515,0.50981500497946,0.06729344646533685
26/09/2026 09:44:09,AMD Ryzen 5 3600 6-Core Processor,12,Not Available,Not Available,26.8 GB,Not Available,tox21,ecfp,100,1,1,371,6087,SR-HSE,15,27,0.9253638897491483,0.464351804495197,0.05498937319956981
26/09/2026 09:44:09,AMD Ryzen 5 3600 6-Core Processor,12,Not Available,Not Available,26.8 GB,Not Available,tox21,ecfp,100,1,1,371,6087,SR-HSE,16,28,0.5898110870238464,0.5421263644805309,0.06924035048720235
26/09/2026 09:44:09,AMD Ryzen 5 3600 6-Core Processor,12,Not Available,Not Available,26.8 GB,Not Available,tox21,ecfp,100,1,1,371,6087,SR-HSE,17,29,0.06720346856611954,0.5189874847062607,0.06577531807998384
26/09/2026 09:44:09,AMD Ryzen 5 3600 6-Core Processor,12,Not Available,Not Available,26.8 GB,Not Available,tox21,ecfp,100,1,1,371,6087,SR-HSE,18,30,0.9180860947661815,0.553663257430333,0.07127878762952838
26/09/2026 09:44:09,AMD Ryzen 5 3600 6-Core Processor,12,Not Available,Not Available,26.8 GB,Not Available,tox21,ecfp,100,1,1,371,6087,SR-HSE,19,31,0.5035614741406008,0.5900642392408018,0.08377977592466156
26/09/2026 09:44:13,AMD Ryzen 5 3600 6-Core Processor,12,Not Available,Not Available,26.8 GB,Not Available,tox21,ecfp,100,1,1,917,4885,SR-MMP,0,12,0.7992071699413995,0.6694375209982264,0.2260995665555993
26/09/2026 09:44:13,AMD Ryzen 5 3600 6-Core Processor,12,Not Available,Not Available,26.8 GB,Not Available,tox21,ecfp,100,1,1,917,4885,SR-MMP,1,13,0.6602895553257497,0.40373899581319084,0.136664427024347
26/09/2026 09:44:13,AMD Ryzen 5 3600 6-Core Processor,12,Not Available,Not Available,26.8 GB,Not Available,tox21,ecfp,100,1,1,917,4885,SR-MMP,2,14,0.7921406411582212,0.5174432894412268,0.1749300516432644
26/09/2026 09:44:13,AMD Ryzen 5 3600 6-Core Processor,12,Not Available,Not Available,26.8 GB,Not Available,tox21,ecfp,100,1,1,917,4885,SR-MMP,3,15,0.8314374353671148,0.5658436292078771,0.1939997454953193
26/09/2026 09:44:13,AMD Ryzen 5 3600 6-Core Processor,12,Not Available,Not Available,26.8 GB,Not Available,tox21,ecfp,100,1,1,917,4885,SR-MMP,4,16,0.15873836608066183,0.49674821884811965,0.15820024433994773
26/09/2026 09:44:13,AMD Ryzen 5 3600 6-Core Processor,12,Not Available,Not Available,26.8 GB,Not Available,tox21,ecfp,100,1,1,917,4885,SR-MMP,5,17,0.1752843846949328,0.5497245814027987,0.2072717150459222
26/09/2026 09:44:13,AMD Ryzen 5 3600 6-Core Processor,12,Not Available,Not Available,26.8 GB,Not Available,tox21,ecfp,100,1,1,917,4885,SR-MMP,6,18,0.38210961737331955,0.7118418276856244,0.29019353044995794
26/09/2026 09:44:13,AMD Ryzen 5 3600 6-Core Processor,12,Not Available,Not Available,26.8 GB,Not Available,tox21,ecfp,100,1,1,917,4885,SR-MMP,7,19,0.7830058600482592,0.5854192780740007,0.19369597743300968
26/09/2026 09:44:13,AMD Ryzen 5 3600 6-Core Processor,12,Not Available,Not Available,26.8 GB,Not Available,tox21,ecfp,100,1,1,917,4885,SR-MMP,8,20,0.8388486728714236,0.6228237466081934,0.2495654623741193
26/09/2026 09:44:13,AMD Ryzen 5 3600 6-Core Processor,12,Not Available,Not Available,26.8 GB,Not Available,tox21,ecfp,100,1,1,917,4885,SR-MMP,9,21,0.17907618062736988,0.31876753107737504,0.11308304623083419
26/09/2026 09:44:13,AMD Ryzen 5 3600 6-Core Processor,12,Not Available,Not Available,26.8 GB,Not Available,tox21,ecfp,100,1,1,917,4885,SR-MMP,10,22,0.17649086521889004,0.6166624065613806,0.27461453826312476
26/09/2026 09:44:13,AMD Ryzen 5 3600 6-Core Processor,12,Not Available,Not Available,26.8 GB,Not Available,tox21,ecfp,100,1,1,917,4885,SR-MMP,11,23,0.7568079972423303,0.7035816137576473,0.2769128343762959
26/09/2026 09:44:13,AMD Ryzen 5 3600 6-Core Processor,12,Not Available,Not Available,26.8 GB,Not Available,tox21,ecfp,100,1,1,917,4885,SR-MMP,12,24,0.2997242330230955,0.6089926543878899,0.22290134306903384
26/09/2026 09:44:13,AMD Ryzen 5 3600 6-Core Processor,12,Not Available,Not Available,26.8 GB,Not Available,tox21,ecfp,100,1,1,917,4885,SR-MMP,13,25,0.5804894863840055,0.4553745971968135,0.14930261529319344
26/09/2026 09:44:13,AMD Ryzen 5 3600 6-Core Processor,12,Not Available,Not Available,26.8 GB,Not Available,tox21,ecfp,100,1,1,917,4885,SR-MMP,14,26,0.7647362978283351,0.6245260400330837,0.23045070220403333
26/09/2026 09:44:13,AMD Ryzen 5 3600 6-Core Processor,12,Not Available,Not Available,26.8 GB,Not Available,tox21,ecfp,100,1,1,917,4885,SR-MMP,15,27,0.8426404688038608,0.4993772805050513,0.18081508718361397
26/09/2026 09:44:13,AMD Ryzen 5 3600 6-Core Processor,12,Not Available,Not Available,26.8 GB,Not Available,tox21,ecfp,100,1,1,917,4885,SR-MMP,16,28,0.8226473629782833,0.5582635066731108,0.18616038211862662
26/09/2026 09:44:13,AMD Ryzen 5 3600 6-Core Processor,12,Not Available,Not Available,26.8 GB,Not Available,tox21,ecfp,100,1,1,917,4885,SR-MMP,17,29,0.15856601172009652,0.2866489788583439,0.10919112396616235
26/09/2026 09:44:13,AMD Ryzen 5 3600 6-Core Processor,12,Not Available,Not Available,26.8 GB,Not Available,tox21,ecfp,100,1,1,917,4885,SR-MMP,18,30,0.6077214753533264,0.5783549445311968,0.2107239751283591
26/09/2026 09:44:13,AMD Ryzen 5 3600 6-Core Processor,12,Not Available,Not Available,26.8 GB,Not Available,tox21,ecfp,100,1,1,917,4885,SR-MMP,19,31,0.7893829713891761,0.7222059383263255,0.3302700761552458
26/09/2026 09:44:17,AMD Ryzen 5 3600 6-Core Processor,12,Not Available,Not Available,26.8 GB,Not Available,tox21,ecfp,100,1,1,422,6343,SR-p53,0,12,0.14131559497413157,0.5112812347529426,0.06871915321890172
26/09/2026 09:44:17,AMD Ryzen 5 3600 6-Core Processor,12,Not Available,Not Available,26.8 GB,Not Available,tox21,ecfp,100,1,1,422,6343,SR-p53,1,13,0.1844789356984479,0.539041246349112,0.0828291544788736
26/09/2026 09:44:17,AMD Ryzen 5 3600 6-Core Processor,12,Not Available,Not Available,26.8 GB,Not Available,tox21,ecfp,100,1,1,422,6343,SR-p53,2,14,0.937620103473762,0.5658480483392895,0.07691011777612386
26/09/2026 09:44:17,AMD Ryzen 5 3600 6-Core Processor,12,Not Available,Not Available,26.8 GB,Not Available,tox21,ecfp,100,1,1,422,6343,SR-p53,3,15,0.4202512934220251,0.46636008795754247,0.06376389259697782
26/09/2026 09:44:17,AMD Ryzen 5 3600 6-Core Processor,12,Not Available,Not Available,26.8 GB,Not Available,tox21,ecfp,100,1,1,422,6343,SR-p53,4,16,0.06237989652623799,0.5268480834565551,0.08135064210069973
26/09/2026 09:44:17,AMD Ryzen 5 3600 6-Core Processor,12,Not Available,Not Available,26.8 GB,Not Available,tox21,ecfp,100,1,1,422,6343,SR-p53,5,17,0.06237989652623799,0.554546639838072,0.07899751398961209
26/09/2026 09:44:17,AMD Ryzen 5 3600 6-Core Processor,12,Not Available,Not Available,26.8 GB,Not Available,tox21,ecfp,100,1,1,422,6343,SR-p53,6,18,0.06651884700665188,0.46731236359370665,0.05713925008620096
26/09/2026 09:44:17,AMD Ryzen 5 3600 6-Core Processor,12,Not Available,Not Available,26.8 GB,Not Available,tox21,ecfp,100,1,1,422,6343,SR-p53,7,19,0.06267553584626756,0.5034717526429477,0.06271057239187214
26/09/2026 09:44:17,AMD Ryzen 5 3600 6-Core Processor,12,Not Available,Not Available,26.8 GB,Not Available,tox21,ecfp,100,1,1,422,6343,SR-p53,8,20,0.12150776053215077,0.3883975169851753,0.050625094386743535
26/09/2026 09:44:17,AMD Ryzen 5 3600 6-Core Processor,12,Not Available,Not Available,26.8 GB,Not Available,tox21,ecfp,100,1,1,422,6343,SR-p53,9,21,0.13628972653362897,0.6208633542368233,0.10532934863261452
26/09/2026 09:44:17,AMD Ryzen 5 3600 6-Core Processor,12,Not Available,Not Available,26.8 GB,Not Available,tox21,ecfp,100,1,1,422,6343,SR-p53,10,22,0.937620103473762,0.528371761833211,0.07261212262026699
26/09/2026 09:44:17,AMD Ryzen 5 3600 6-Core Processor,12,Not Available,Not Available,26.8 GB,Not Available,tox21,ecfp,100,1,1,422,6343,SR-p53,11,23,0.9380635624538064,0.6397650356066658,0.11211476758991082
26/09/2026 09:44:17,AMD Ryzen 5 3600 6-Core Processor,12,Not Available,Not Available,26.8 GB,Not Available,tox21,ecfp,100,1,1,422,6343,SR-p53,12,24,0.9337767923133776,0.6172976442292246,0.0890997475256078
26/09/2026 09:44:17,AMD Ryzen 5 3600 6-Core Processor,12,Not Available,Not Available,26.8 GB,Not Available,tox21,ecfp,100,1,1,422,6343,SR-p53,13,25,0.923429416112343,0.6168211328232115,0.08424520372634137
26/09/2026 09:44:17,AMD Ryzen 5 3600 6-Core Processor,12,Not Available,Not Available,26.8 GB,Not Available,tox21,ecfp,100,1,1,422,6343,SR-p53,14,26,0.9327420546932742,0.4787064219018166,0.07246666792234936
26/09/2026 09:44:17,AMD Ryzen 5 3600 6-Core Processor,12,Not Available,Not Available,26.8 GB,Not Available,tox21,ecfp,100,1,1,422,6343,SR-p53,15,27,0.7278640059127864,0.5315295138201384,0.07033610528095613
26/09/2026 09:44:17,AMD Ryzen 5 3600 6-Core Processor,12,Not Available,Not Available,26.8 GB,Not Available,tox21,ecfp,100,1,1,422,6343,SR-p53,16,28,0.9367331855136733,0.5062882320548905,0.06883982939331829
26/09/2026 09:44:17,AMD Ryzen 5 3600 6-Core Processor,12,Not Available,Not Available,26.8 GB,Not Available,tox21,ecfp,100,1,1,422,6343,SR-p53,17,29,0.06237989652623799,0.5310873725037788,0.0763390079544288
26/09/2026 09:44:17,AMD Ryzen 5 3600 6-Core Processor,12,Not Available,Not Available,26.8 GB,Not Available,tox21,ecfp,100,1,1,422,6343,SR-p53,18,30,0.9278640059127864,0.6130775949604483,0.08615799975498196
26/09/2026 09:44:17,AMD Ryzen 5 3600 6-Core Processor,12,Not Available,Not Available,26.8 GB,Not Available,tox21,ecfp,100,1,1,422,6343,SR-p53,19,31,0.09416112342941611,0.4767155718174231,0.06024175978066756
