EXPERIMENT_DATE,CPU,CPU COUNT,GPU,GPU RAM,RAM,CUDA,DATASET SOURCE,FEATURE TYPE,N_ESTIMATORS,NUMBER POSITIVE,NUMBER NEGATIVE,TEST POSITIVE,TEST NEGATIVE,TARGET,ACCURACY,ROC,PRC,TRAINING TIME
26/09/2026 09:43:09,AMD Ryzen 5 3600 6-Core Processor,12,Not Available,Not Available,26.8 GB,Not Available,tox21,ecfp,100,10,10,362,6078,SR-HSE,0.594 ± 0.205,0.550 ± 0.030,0.078 ± 0.013,0:00:05.647003
26/09/2026 09:43:15,AMD Ryzen 5 3600 6-Core Processor,12,Not Available,Not Available,26.8 GB,Not Available,tox21,ecfp,100,10,10,908,4876,SR-MMP,0.664 ± 0.103,0.678 ± 0.042,0.294 ± 0.036,0:00:05.156976
26/09/2026 09:43:20,AMD Ryzen 5 3600 6-Core Processor,12,Not Available,Not Available,26.8 GB,Not Available,tox21,ecfp,100,10,10,413,6334,SR-p53,0.620 ± 0.243,0.620 ± 0.062,0.105 ± 0.025,0:00:05.397740
26/09/2026 09:43:25,AMD Ryzen 5 3600 6-Core Processor,12,Not Available,Not Available,26.8 GB,Not Available,tox21,ecfp,100,5,10,367,6078,SR-HSE,0.929 ± 0.027,0.549 ± 0.041,0.080 ± 0.020,0:00:05.013245
26/09/2026 09:43:30,AMD Ryzen 5 3600 6-Core Processor,12,Not Available,Not Available,26.8 GB,Not Available,tox21,ecfp,100,5,10,913,4876,SR-MMP,0.837 ± 0.010,0.664 ± 0.050,0.284 ± 0.039,0:00:05.090171
26/09/2026 09:43:36,AMD Ryzen 5 3600 6-Core Processor,12,Not Available,Not Available,26.8 GB,Not Available,tox21,ecfp,100,5,10,418,6334,SR-p53,0.931 ± 0.011,0.622 ± 0.054,0.107 ± 0.021,0:00:04.896376
26/09/2026 09:43:40,AMD Ryzen 5 3600 6-Core Processor,12,Not Available,Not Available,26.8 GB,Not Available,tox21,ecfp,100,1,10,371,6078,SR-HSE,0.943 ± 0.000,0.531 ± 0.039,0.070 ± 0.012,0:00:04.843215
26/09/2026 09:43:45,AMD Ryzen 5 3600 6-Core Processor,12,Not Available,Not Available,26.8 GB,Not Available,tox21,ecfp,100,1,10,917,4876,SR-MMP,0.842 ± 0.000,0.587 ± 0.102,0.222 ± 0.054,0:00:04.499553
26/09/2026 09:43:50,AMD Ryzen 5 3600 6-Core Processor,12,Not Available,Not Available,26.8 GB,Not Available,tox21,ecfp,100,1,10,422,6334,SR-p53,0.938 ± 0.000,0.563 ± 0.058,0.084 ± 0.019,0:00:04.962711
26/09/2026 09:43:55,AMD Ryzen 5 3600 6-Core Processor,12,Not Available,Not Available,26.8 GB,Not Available,tox21,ecfp,100,1,5,371,6083,SR-HSE,0.943 ± 0.000,0.523 ± 0.044,0.068 ± 0.011,0:00:04.471082
26/09/2026 09:43:59,AMD Ryzen 5 3600 6-Core Processor,12,Not Available,Not Available,26.8 GB,Not Available,tox21,ecfp,100,1,5,917,4881,SR-MMP,0.842 ± 0.001,0.556 ± 0.117,0.209 ± 0.057,0:00:04.488131
26/09/2026 09:44:04,AMD Ryzen 5 3600 6-Core Processor,12,Not Available,Not Available,26.8 GB,Not Available,tox21,ecfp,100,1,5,422,6339,SR-p53,0.938 ± 0.000,0.565 ± 0.063,0.085 ± 0.020,0:00:04.796940
26/09/2026 09:44:09,AMD Ryzen 5 3600 6-Core Processor,12,Not Available,Not Available,26.8 GB,Not Available,tox21,ecfp,100,1,1,371,6087,SR-HSE,0.400 ± 0.349,0.525 ± 0.043,0.068 ± 0.011,0:00:04.295182
26/09/2026 09:44:13,AMD Ryzen 5 3600 6-Core Processor,12,Not Available,Not Available,26.8 GB,Not Available,tox21,ecfp,100,1,1,917,4885,SR-MMP,0.570 ± 0.278,0.555 ± 0.120,0.206 ± 0.059,0:00:04.139168
26/09/2026 09:44:17,AMD Ryzen 5 3600 6-Core Processor,12,Not Available,Not Available,26.8 GB,Not Available,tox21,ecfp,100,1,1,422,6343,SR-p53,0.481 ± 0.409,0.534 ± 0.065,0.076 ± 0.015,0:00:04.304477
